Wavenumber (1/cm),Transmittance
0.991,0.856
0.9962018587360595,0.856
1.0014037174721189,0.856
1.0066055762081783,0.856
1.0118074349442376,0.857
1.01702,0.857
1.0222218587360594,0.857
1.0274237174721188,0.857
1.0326255762081782,0.857
1.0378274349442376,0.857
1.043,0.857
1.0482018587360593,0.857
1.0534037174721187,0.857
1.058605576208178,0.857
1.0638074349442375,0.857
1.06902,0.857
1.0742218587360595,0.857
1.0794237174721188,0.857
1.0846255762081782,0.857
1.0898274349442376,0.857
1.095,0.857
1.1002018587360594,0.857
1.1054037174721187,0.857
1.1106055762081781,0.857
1.1158074349442375,0.858
1.12102,0.858
1.1262218587360593,0.858
1.1314237174721187,0.859
1.136625576208178,0.859
1.1418274349442374,0.86
1.147,0.86
1.1522018587360594,0.861
1.1574037174721188,0.861
1.1626055762081782,0.861
1.1678074349442376,0.861
1.17302,0.861
1.1782218587360593,0.861
1.1834237174721187,0.862
1.188625576208178,0.863
1.1938274349442375,0.863
1.199,0.863
1.2042018587360594,0.863
1.2094037174721188,0.863
1.2146055762081782,0.864
1.2198074349442376,0.865
1.22502,0.865
1.2302218587360594,0.866
1.2354237174721188,0.866
1.2406255762081781,0.867
1.2458274349442375,0.867
1.251,0.867
1.2562018587360593,0.867
1.2614037174721187,0.868
1.266605576208178,0.868
1.2718074349442374,0.868
1.27702,0.868
1.2822218587360594,0.868
1.2874237174721188,0.868
1.2926255762081782,0.869
1.2978274349442376,0.868
1.303,0.869
1.3082018587360593,0.869
1.3134037174721187,0.869
1.318605576208178,0.87
1.3238074349442375,0.87
1.32902,0.87
1.3342218587360595,0.87
1.3394237174721189,0.87
1.3446255762081782,0.87
1.3498274349442376,0.87
1.355,0.87
1.3602018587360594,0.87
1.3654037174721187,0.87
1.3706055762081781,0.87
1.3758074349442375,0.87
1.38102,0.87
1.3862218587360593,0.87
1.3914237174721187,0.87
1.396625576208178,0.87
1.4018274349442374,0.87
1.407,0.87
1.4122018587360594,0.87
1.4174037174721188,0.87
1.4226055762081782,0.87
1.4278074349442376,0.87
1.43302,0.87
1.4382218587360593,0.869
1.4434237174721187,0.869
1.4486255762081781,0.869
1.4538274349442375,0.868
1.459,0.868
1.4642018587360595,0.868
1.4694037174721188,0.867
1.4746055762081782,0.866
1.4798074349442376,0.865
1.48502,0.863
1.4902218587360594,0.86
1.4954237174721188,0.857
1.5006255762081782,0.854
1.5058274349442375,0.851
1.511,0.849
1.5162018587360593,0.845
1.5214037174721187,0.843
1.526605576208178,0.843
1.5318074349442374,0.844
1.53702,0.846
1.5422218587360594,0.849
1.5474237174721188,0.851
1.5526255762081782,0.852
1.5578274349442376,0.852
1.563,0.852
1.5682018587360593,0.852
1.5734037174721187,0.852
1.578605576208178,0.854
1.5838074349442375,0.855
1.58902,0.858
1.5942218587360595,0.86
1.5994237174721189,0.862
1.6046255762081783,0.862
1.6098274349442376,0.863
1.615,0.863
1.6202018587360594,0.863
1.6254037174721188,0.863
1.6306055762081781,0.864
1.6358074349442375,0.865
1.64102,0.865
1.6462218587360593,0.866
1.6514237174721187,0.867
1.656625576208178,0.868
1.6618274349442375,0.869
1.667,0.869
1.6722018587360594,0.87
1.6774037174721188,0.87
1.6826055762081782,0.871
1.6878074349442376,0.871
1.69302,0.871
1.6982218587360594,0.871
1.7034237174721187,0.871
1.7086255762081781,0.871
1.7138274349442375,0.871
1.719,0.871
1.7242018587360595,0.871
1.7294037174721189,0.871
1.7346055762081782,0.872
1.7398074349442376,0.872
1.74502,0.872
1.7502218587360594,0.872
1.7554237174721188,0.872
1.7606255762081782,0.872
1.7658274349442376,0.872
1.771,0.873
1.7762018587360593,0.873
1.7814037174721187,0.873
1.786605576208178,0.873
1.7918074349442374,0.873
1.79702,0.873
1.8022218587360594,0.873
1.8074237174721188,0.873
1.8126255762081782,0.873
1.8178274349442376,0.873
1.823,0.873
1.8282018587360593,0.873
1.8334037174721187,0.874
1.838605576208178,0.874
1.8438074349442375,0.874
1.84902,0.874
1.8542218587360595,0.874
1.8594237174721189,0.874
1.8646255762081783,0.874
1.8698274349442376,0.874
1.875,0.874
1.8802018587360594,0.874
1.8854037174721188,0.874
1.8906055762081782,0.874
1.8958074349442375,0.874
1.90102,0.874
1.9062218587360593,0.874
1.9114237174721187,0.874
1.916625576208178,0.874
1.9218274349442375,0.874
1.927,0.874
1.9322018587360594,0.874
1.9374037174721188,0.874
1.9426055762081782,0.874
1.9478074349442376,0.874
1.95302,0.874
1.9582218587360594,0.874
1.9634237174721187,0.874
1.9686255762081781,0.874
1.9738274349442375,0.874
1.979,0.874
1.9842018587360595,0.874
1.9894037174721189,0.874
1.9946055762081782,0.873
1.9998074349442376,0.873
2.00502,0.873
2.0102218587360596,0.871
2.0154237174721192,0.871
2.020625576208179,0.871
2.0258274349442384,0.87
2.031,0.869
2.0362018587360597,0.869
2.0414037174721194,0.868
2.046605576208179,0.868
2.0518074349442386,0.867
2.05702,0.867
2.0622218587360597,0.866
2.0674237174721193,0.865
2.072625576208179,0.865
2.0778274349442385,0.864
2.083,0.863
2.08820185873606,0.863
2.0934037174721194,0.862
2.098605576208179,0.861
2.1038074349442386,0.859
2.10902,0.854
2.1142218587360597,0.848
2.1194237174721193,0.84
2.124625576208179,0.839
2.1298274349442385,0.85
2.135,0.85
2.1402018587360594,0.85
2.145403717472119,0.849
2.1506055762081786,0.849
2.155807434944238,0.848
2.16102,0.844
2.1662218587360598,0.839
2.1714237174721194,0.833
2.176625576208179,0.828
2.1818274349442386,0.826
2.187,0.824
2.1922018587360594,0.822
2.197403717472119,0.82
2.2026055762081787,0.818
2.2078074349442383,0.811
2.21302,0.808
2.21822185873606,0.801
2.2234237174721194,0.796
2.228625576208179,0.776
2.2338274349442386,0.751
2.239,0.748
2.2442018587360595,0.748
2.249403717472119,0.751
2.2546055762081787,0.77
2.2598074349442383,0.783
2.26502,0.784
2.2702218587360594,0.784
2.275423717472119,0.782
2.2806255762081786,0.765
2.2858274349442382,0.764
2.291,0.766
2.2962018587360595,0.77
2.301403717472119,0.783
2.3066055762081787,0.785
2.3118074349442383,0.785
2.31702,0.785
2.3222218587360595,0.784
2.327423717472119,0.784
2.3326255762081787,0.785
2.3378274349442383,0.785
2.343,0.786
2.3482018587360596,0.788
2.353403717472119,0.789
2.358605576208179,0.79
2.3638074349442384,0.793
2.36902,0.794
2.3742218587360595,0.794
2.379423717472119,0.795
2.3846255762081787,0.795
2.3898274349442383,0.794
2.395,0.794
2.4002018587360596,0.794
2.4054037174721192,0.794
2.410605576208179,0.796
2.4158074349442384,0.798
2.42102,0.801
2.4262218587360596,0.802
2.431423717472119,0.81
2.4366255762081788,0.814
2.4418274349442384,0.818
2.447,0.819
2.4522018587360597,0.819
2.4574037174721193,0.82
2.462605576208179,0.821
2.4678074349442385,0.824
2.47302,0.828
2.4782218587360596,0.831
2.483423717472119,0.834
2.488625576208179,0.835
2.4938274349442384,0.837
2.499,0.837
2.5042018587360597,0.838
2.5094037174721193,0.839
2.514605576208179,0.84
2.5198074349442385,0.84
2.52502,0.841
2.5302218587360596,0.841
2.5354237174721193,0.842
2.540625576208179,0.842
2.5458274349442385,0.842
2.551,0.842
2.5562018587360598,0.842
2.5614037174721194,0.842
2.566605576208179,0.842
2.5718074349442386,0.842
2.57702,0.841
2.5822218587360597,0.841
2.5874237174721193,0.841
2.592625576208179,0.841
2.5978274349442385,0.84
2.603,0.839
2.60820185873606,0.838
2.6134037174721194,0.837
2.618605576208179,0.837
2.6238074349442386,0.837
2.62902,0.837
2.6342218587360597,0.837
2.6394237174721193,0.837
2.644625576208179,0.836
2.6498274349442386,0.836
2.655,0.834
2.6602018587360594,0.832
2.665403717472119,0.826
2.6706055762081786,0.822
2.6758074349442382,0.819
2.68102,0.817
2.68622185873606,0.814
2.6914237174721194,0.812
2.696625576208179,0.812
2.7018274349442386,0.811
2.707,0.81
2.7122018587360595,0.808
2.717403717472119,0.806
2.7226055762081787,0.802
2.7278074349442383,0.802
2.73302,0.801
2.7382218587360594,0.801
2.743423717472119,0.8
2.7486255762081786,0.799
2.753827434944238,0.793
2.76,0.791
2.7652018587360594,0.787
2.770403717472119,0.783
2.7756055762081786,0.777
2.780807434944238,0.773
2.78602,0.769
2.7912218587360598,0.762
2.7964237174721194,0.755
2.801625576208179,0.75
2.8068274349442386,0.747
2.812,0.742
2.8172018587360594,0.739
2.822403717472119,0.738
2.8276055762081787,0.737
2.8328074349442383,0.736
2.83802,0.735
2.84322185873606,0.735
2.8484237174721194,0.734
2.853625576208179,0.732
2.8588274349442386,0.728
2.864,0.723
2.8692018587360595,0.72
2.874403717472119,0.712
2.8796055762081787,0.704
2.8848074349442383,0.681
2.89002,0.654
2.8952218587360594,0.655
2.900423717472119,0.66
2.9056255762081786,0.675
2.9108274349442382,0.691
2.916,0.715
2.9212018587360595,0.739
2.926403717472119,0.755
2.9316055762081787,0.766
2.9368074349442383,0.772
2.94202,0.782
2.9472218587360595,0.787
2.952423717472119,0.791
2.9576255762081787,0.794
2.9628274349442383,0.798
2.968,0.8
2.9732018587360596,0.802
2.978403717472119,0.803
2.983605576208179,0.808
2.9888074349442384,0.809
2.99402,0.809
2.9992218587360595,0.809
3.004423717472119,0.809
3.0096255762081787,0.808
3.0148274349442383,0.808
3.02,0.808
3.0252018587360596,0.808
3.0304037174721192,0.808
3.035605576208179,0.807
3.0408074349442384,0.807
3.04602,0.807
3.0512218587360596,0.806
3.056423717472119,0.802
3.0616255762081788,0.802
3.0668274349442384,0.801
3.072,0.8
3.0772018587360597,0.799
3.0824037174721193,0.796
3.087605576208179,0.793
3.0928074349442385,0.791
3.09802,0.79
3.1032218587360596,0.787
3.108423717472119,0.784
3.113625576208179,0.781
3.1188274349442384,0.776
3.124,0.775
3.1292018587360597,0.773
3.1344037174721193,0.773
3.139605576208179,0.772
3.1448074349442385,0.77
3.15002,0.769
3.1552218587360596,0.768
3.1604237174721193,0.766
3.165625576208179,0.765
3.1708274349442385,0.763
3.176,0.759
3.1812018587360598,0.753
3.1864037174721194,0.747
3.191605576208179,0.742
3.1968074349442386,0.736
3.20202,0.734
3.2072218587360597,0.733
3.2124237174721193,0.732
3.217625576208179,0.73
3.2228274349442385,0.727
3.228,0.722
3.23320185873606,0.72
3.2384037174721194,0.715
3.243605576208179,0.711
3.2488074349442386,0.702
3.25402,0.697
3.2592218587360597,0.69
3.2644237174721193,0.683
3.269625576208179,0.673
3.2748274349442386,0.651
3.28,0.639
3.2852018587360594,0.625
3.290403717472119,0.61
3.2956055762081786,0.586
3.3008074349442382,0.566
3.30602,0.545
3.31122185873606,0.521
3.3164237174721194,0.48
3.321625576208179,0.451
3.3268274349442386,0.412
3.332,0.371
3.3372018587360595,0.269
3.342403717472119,0.239
3.3476055762081787,0.169
3.3528074349442383,0.103
3.35802,0.051
3.3632218587360594,0.023
3.368423717472119,0.004
3.3736255762081786,0.003
3.378827434944238,0.002
3.384,0.002
3.3892018587360595,0.002
3.394403717472119,0.002
3.3996055762081787,0.002
3.4048074349442383,0.002
3.41002,0.002
3.4152218587360594,0.002
3.420423717472119,0.002
3.4256255762081786,0.002
3.4308274349442383,0.002
3.436,0.002
3.4412018587360595,0.002
3.446403717472119,0.002
3.4516055762081788,0.002
3.4568074349442384,0.002
3.46202,0.002
3.4672218587360595,0.002
3.472423717472119,0.002
3.4776255762081787,0.002
3.4828274349442383,0.002
3.488,0.002
3.4932018587360596,0.003
3.498403717472119,0.005
3.503605576208179,0.017
3.5088074349442384,0.028
3.51402,0.043
3.5192218587360595,0.06
3.524423717472119,0.063
3.5296255762081787,0.072
3.5348274349442383,0.078
3.54,0.094
3.5452018587360596,0.119
3.5504037174721192,0.161
3.555605576208179,0.215
3.5608074349442385,0.282
3.56602,0.316
3.5712218587360596,0.35
3.576423717472119,0.418
3.581625576208179,0.419
3.5868274349442384,0.419
3.592,0.418
3.5972018587360597,0.416
3.6024037174721193,0.396
3.607605576208179,0.377
3.6128074349442385,0.355
3.61802,0.301
3.6232218587360596,0.273
3.6284237174721192,0.242
3.633625576208179,0.206
3.6388274349442384,0.173
3.644,0.136
3.6492018587360597,0.115
3.6544037174721193,0.093
3.659605576208179,0.091
3.6648074349442386,0.091
3.67002,0.095
3.6752218587360597,0.131
3.6804237174721193,0.186
3.685625576208179,0.245
3.6908274349442385,0.289
3.696,0.329
3.70120185873606,0.369
3.7064037174721194,0.411
3.711605576208179,0.46
3.7168074349442386,0.501
3.72202,0.537
3.7272218587360597,0.567
3.7324237174721193,0.592
3.737625576208179,0.614
3.7428274349442385,0.631
3.748,0.646
3.75320185873606,0.657
3.7584037174721194,0.664
3.763605576208179,0.669
3.7688074349442386,0.677
3.77402,0.687
3.7792218587360598,0.695
3.7844237174721194,0.704
3.789625576208179,0.715
3.7948274349442386,0.722
3.8,0.729
3.8052018587360594,0.736
3.810403717472119,0.743
3.8156055762081786,0.748
3.8208074349442382,0.754
3.82602,0.759
3.83122185873606,0.762
3.8364237174721194,0.764
3.841625576208179,0.769
3.8468274349442386,0.773
3.852,0.778
3.8572018587360595,0.782
3.862403717472119,0.786
3.8676055762081787,0.789
3.8728074349442383,0.793
3.87802,0.796
3.8832218587360594,0.8
3.888423717472119,0.803
3.8936255762081786,0.808
3.8988274349442382,0.812
3.904,0.816
3.9092018587360595,0.818
3.914403717472119,0.82
3.9196055762081787,0.822
3.9248074349442383,0.823
3.93002,0.825
3.9352218587360595,0.827
3.940423717472119,0.83
3.9456255762081787,0.831
3.9508274349442383,0.832
3.956,0.833
3.9612018587360596,0.834
3.966403717472119,0.837
3.971605576208179,0.84
3.9768074349442384,0.841
3.98202,0.843
3.9872218587360595,0.844
3.992423717472119,0.845
3.9976255762081787,0.847
4.002827434944238,0.848
4.008,0.85
4.01320185873606,0.851
4.018403717472119,0.851
4.023605576208179,0.851
4.028807434944238,0.852
4.03402,0.852
4.0392218587360595,0.854
4.044423717472119,0.854
4.049625576208179,0.852
4.054827434944238,0.852
4.06,0.852
4.065201858736059,0.852
4.070403717472119,0.851
4.075605576208178,0.85
4.080807434944238,0.849
4.08602,0.848
4.09122185873606,0.847
4.09642371747212,0.846
4.101625576208179,0.846
4.106827434944239,0.845
4.112,0.845
4.11720185873606,0.845
4.122403717472119,0.845
4.127605576208179,0.845
4.1328074349442385,0.845
4.13802,0.845
4.14322185873606,0.845
4.148423717472119,0.845
4.153625576208179,0.844
4.1588274349442385,0.844
4.164,0.844
4.169201858736059,0.843
4.174403717472119,0.843
4.1796055762081785,0.843
4.184807434944238,0.842
4.19002,0.842
4.195221858736059,0.843
4.200423717472119,0.843
4.2056255762081785,0.844
4.210827434944238,0.844
4.216,0.845
4.22120185873606,0.845
4.226403717472119,0.844
4.231605576208179,0.844
4.236807434944239,0.844
4.24202,0.844
4.24722185873606,0.844
4.252423717472119,0.844
4.257625576208179,0.845
4.2628274349442385,0.845
4.268,0.845
4.273201858736059,0.846
4.278403717472119,0.846
4.283605576208179,0.846
4.288807434944238,0.847
4.29402,0.847
4.299221858736059,0.846
4.304423717472119,0.846
4.3096255762081785,0.846
4.314827434944238,0.846
4.32,0.846
4.32520185873606,0.846
4.3304037174721195,0.846
4.335605576208179,0.846
4.340807434944239,0.846
4.34602,0.846
4.35122185873606,0.846
4.356423717472119,0.846
4.361625576208179,0.846
4.366827434944239,0.846
4.372,0.846
4.3772018587360595,0.846
4.382403717472119,0.846
4.387605576208179,0.846
4.392807434944238,0.846
4.39802,0.846
4.403221858736059,0.847
4.408423717472119,0.847
4.413625576208179,0.848
4.418827434944238,0.849
4.424,0.849
4.42920185873606,0.85
4.43440371747212,0.85
4.439605576208179,0.85
4.444807434944239,0.85
4.45002,0.851
4.45522185873606,0.851
4.4604237174721195,0.851
4.465625576208179,0.851
4.470827434944239,0.851
4.476,0.851
4.48120185873606,0.851
4.486403717472119,0.851
4.491605576208179,0.851
4.496807434944238,0.851
4.50202,0.851
4.5072218587360595,0.851
4.512423717472119,0.85
4.517625576208179,0.85
4.522827434944238,0.85
4.528,0.85
4.533201858736059,0.85
4.538403717472119,0.85
4.543605576208178,0.85
4.548807434944238,0.851
4.55402,0.851
4.55922185873606,0.852
4.56442371747212,0.852
4.569625576208179,0.852
4.574827434944239,0.852
4.58,0.852
4.58520185873606,0.852
4.590403717472119,0.852
4.595605576208179,0.854
4.6008074349442385,0.854
4.60602,0.854
4.61122185873606,0.854
4.616423717472119,0.854
4.621625576208179,0.854
4.626827434944238,0.855
4.632,0.855
4.637201858736059,0.855
4.642403717472119,0.855
4.6476055762081785,0.856
4.652807434944238,0.857
4.65802,0.857
4.663221858736059,0.858
4.668423717472119,0.858
4.673625576208178,0.858
4.678827434944238,0.858
4.684,0.858
4.68920185873606,0.858
4.694403717472119,0.858
4.699605576208179,0.858
4.704807434944239,0.858
4.71002,0.858
4.71522185873606,0.857
4.720423717472119,0.857
4.725625576208179,0.857
4.7308274349442385,0.856
4.736,0.856
4.741201858736059,0.856
4.746403717472119,0.856
4.751605576208179,0.856
4.756807434944238,0.856
4.76202,0.855
4.767221858736059,0.855
4.772423717472119,0.855
4.7776255762081785,0.855
4.782827434944238,0.854
4.788,0.854
4.79320185873606,0.854
4.7984037174721195,0.852
4.803605576208179,0.852
4.808807434944239,0.852
4.81402,0.851
4.81922185873606,0.851
4.824423717472119,0.851
4.829625576208179,0.851
4.834827434944239,0.851
4.84,0.85
4.8452018587360595,0.849
4.850403717472119,0.849
4.855605576208179,0.849
4.860807434944238,0.848
4.86602,0.848
4.871221858736059,0.847
4.876423717472119,0.847
4.881625576208179,0.846
4.886827434944238,0.846
4.892,0.846
4.89720185873606,0.846
4.90240371747212,0.846
4.907605576208179,0.847
4.912807434944239,0.848
4.91802,0.848
4.92322185873606,0.85
4.9284237174721195,0.851
4.933625576208179,0.852
4.938827434944239,0.852
4.944,0.854
4.94920185873606,0.856
4.954403717472119,0.857
4.959605576208179,0.857
4.964807434944238,0.857
4.97002,0.857
4.9752218587360595,0.857
4.980423717472119,0.858
4.985625576208179,0.858
4.990827434944238,0.858
4.996,0.857
5.00120185873606,0.857
5.00640371747212,0.858
5.011605576208179,0.857
5.016807434944239,0.857
5.02202,0.857
5.02722185873606,0.857
5.03242371747212,0.856
5.037625576208179,0.856
5.042827434944239,0.855
5.048,0.855
5.05320185873606,0.855
5.058403717472119,0.855
5.063605576208179,0.854
5.0688074349442385,0.852
5.07402,0.852
5.07922185873606,0.852
5.084423717472119,0.852
5.089625576208179,0.854
5.094827434944238,0.854
5.1,0.854
5.105201858736059,0.852
5.110403717472119,0.852
5.1156055762081785,0.852
5.120807434944238,0.851
5.12602,0.851
5.131221858736059,0.851
5.136423717472119,0.851
5.141625576208178,0.85
5.146827434944238,0.85
5.152,0.85
5.15720185873606,0.849
5.162403717472119,0.848
5.167605576208179,0.847
5.172807434944239,0.847
5.17802,0.846
5.18322185873606,0.846
5.188423717472119,0.845
5.193625576208179,0.843
5.1988274349442385,0.842
5.204,0.841
5.209201858736059,0.84
5.214403717472119,0.841
5.2196055762081786,0.84
5.224807434944238,0.839
5.23002,0.838
5.235221858736059,0.837
5.240423717472119,0.837
5.2456255762081785,0.836
5.250827434944238,0.836
5.257,0.836
5.262201858736059,0.836
5.267403717472119,0.835
5.2726055762081785,0.835
5.277807434944238,0.835
5.28302,0.834
5.288221858736059,0.833
5.293423717472119,0.832
5.298625576208178,0.83
5.303827434944238,0.828
5.309,0.827
5.31420185873606,0.825
5.319403717472119,0.823
5.324605576208179,0.822
5.329807434944239,0.82
5.33502,0.818
5.34022185873606,0.816
5.345423717472119,0.814
5.350625576208179,0.813
5.3558274349442385,0.812
5.361,0.811
5.366201858736059,0.81
5.371403717472119,0.809
5.376605576208179,0.806
5.381807434944238,0.805
5.38702,0.803
5.392221858736059,0.802
5.397423717472119,0.8
5.4026255762081785,0.798
5.407827434944238,0.797
5.413,0.795
5.41820185873606,0.792
5.4234037174721195,0.791
5.428605576208179,0.787
5.433807434944239,0.784
5.43902,0.782
5.44422185873606,0.777
5.449423717472119,0.772
5.454625576208179,0.769
5.459827434944239,0.762
5.465,0.757
5.4702018587360595,0.753
5.475403717472119,0.752
5.480605576208179,0.75
5.485807434944238,0.747
5.49102,0.743
5.496221858736059,0.735
5.501423717472119,0.722
5.506625576208179,0.703
5.511827434944238,0.7
5.517,0.695
5.52220185873606,0.687
5.52740371747212,0.678
5.532605576208179,0.668
5.537807434944239,0.646
5.54302,0.636
5.54822185873606,0.626
5.5534237174721195,0.61
5.558625576208179,0.597
5.563827434944239,0.583
5.569,0.574
5.57420185873606,0.565
5.579403717472119,0.553
5.584605576208179,0.543
5.589807434944238,0.531
5.59502,0.519
5.6002218587360595,0.507
5.605423717472119,0.494
5.610625576208179,0.479
5.615827434944238,0.464
5.621,0.446
5.62620185873606,0.425
5.63140371747212,0.406
5.636605576208179,0.394
5.641807434944239,0.384
5.64702,0.374
5.65222185873606,0.359
5.65742371747212,0.344
5.662625576208179,0.305
5.667827434944239,0.284
5.673,0.261
5.67820185873606,0.239
5.683403717472119,0.216
5.688605576208179,0.198
5.6938074349442385,0.18
5.69902,0.137
5.70422185873606,0.107
5.709423717472119,0.077
5.714625576208179,0.058
5.719827434944238,0.041
5.725,0.018
5.730201858736059,0.008
5.735403717472119,0.006
5.7406055762081785,0.004
5.745807434944238,0.003
5.75102,0.002
5.756221858736059,0.002
5.761423717472119,0.002
5.766625576208178,0.002
5.771827434944238,0.002
5.777,0.002
5.78220185873606,0.002
5.787403717472119,0.002
5.792605576208179,0.002
5.797807434944239,0.003
5.80302,0.007
5.80822185873606,0.019
5.813423717472119,0.022
5.818625576208179,0.029
5.8238274349442385,0.041
5.829,0.046
5.834201858736059,0.053
5.839403717472119,0.065
5.8446055762081786,0.091
5.849807434944238,0.136
5.85502,0.198
5.860221858736059,0.252
5.865423717472119,0.301
5.8706255762081785,0.331
5.875827434944238,0.339
5.881,0.348
5.88620185873606,0.361
5.891403717472119,0.37
5.896605576208179,0.375
5.901807434944239,0.383
5.90702,0.397
5.91222185873606,0.42
5.917423717472119,0.453
5.922625576208179,0.489
5.927827434944239,0.515
5.933,0.533
5.938201858736059,0.548
5.943403717472119,0.561
5.948605576208179,0.572
5.953807434944238,0.584
5.95902,0.6
5.964221858736059,0.622
5.969423717472119,0.651
5.974625576208179,0.661
5.979827434944238,0.666
5.985,0.668
5.99020185873606,0.67
5.9954037174721195,0.675
6.000605576208179,0.681
6.005807434944239,0.691
6.01102,0.703
6.01622185873606,0.705
6.0214237174721195,0.71
6.026625576208179,0.715
6.031827434944239,0.722
6.037,0.729
6.0422018587360595,0.737
6.047403717472119,0.743
6.052605576208179,0.748
6.057807434944238,0.751
6.06302,0.751
6.0682218587360595,0.751
6.073423717472119,0.751
6.078625576208179,0.752
6.083827434944238,0.753
6.089,0.755
6.09420185873606,0.758
6.09940371747212,0.764
6.104605576208179,0.765
6.109807434944239,0.766
6.11502,0.766
6.12022185873606,0.766
6.1254237174721196,0.767
6.130625576208179,0.769
6.135827434944239,0.772
6.141,0.774
6.14620185873606,0.777
6.151403717472119,0.779
6.156605576208179,0.782
6.161807434944238,0.783
6.16702,0.785
6.1722218587360596,0.786
6.177423717472119,0.788
6.182625576208179,0.789
6.187827434944238,0.79
6.193,0.791
6.198201858736059,0.791
6.203403717472119,0.791
6.208605576208178,0.792
6.213807434944238,0.792
6.21902,0.793
6.22422185873606,0.794
6.22942371747212,0.795
6.234625576208179,0.797
6.239827434944239,0.798
6.245,0.8
6.25020185873606,0.801
6.255403717472119,0.802
6.260605576208179,0.805
6.2658074349442385,0.806
6.27102,0.806
6.27622185873606,0.806
6.281423717472119,0.807
6.286625576208179,0.807
6.2918274349442385,0.807
6.297,0.807
6.302201858736059,0.807
6.307403717472119,0.807
6.3126055762081785,0.807
6.317807434944238,0.808
6.32302,0.809
6.328221858736059,0.809
6.333423717472119,0.809
6.3386255762081785,0.808
6.343827434944238,0.808
6.349,0.807
6.35420185873606,0.806
6.359403717472119,0.806
6.364605576208179,0.806
6.369807434944239,0.806
6.37502,0.805
6.38022185873606,0.803
6.385423717472119,0.803
6.390625576208179,0.803
6.3958274349442386,0.802
6.401,0.802
6.406201858736059,0.802
6.411403717472119,0.802
6.416605576208179,0.801
6.421807434944238,0.801
6.42702,0.8
6.432221858736059,0.8
6.437423717472119,0.799
6.4426255762081786,0.798
6.447827434944238,0.793
6.453,0.792
6.45820185873606,0.791
6.4634037174721195,0.79
6.468605576208179,0.79
6.473807434944239,0.791
6.47902,0.791
6.48422185873606,0.791
6.489423717472119,0.791
6.494625576208179,0.79
6.499827434944239,0.789
6.505,0.786
6.5102018587360595,0.779
6.515403717472119,0.776
6.520605576208179,0.776
6.525807434944238,0.771
6.53102,0.768
6.536221858736059,0.763
6.541423717472119,0.761
6.546625576208179,0.759
6.551827434944238,0.757
6.557,0.755
6.56220185873606,0.753
6.56740371747212,0.752
6.572605576208179,0.751
6.577807434944239,0.75
6.58302,0.748
6.58822185873606,0.745
6.5934237174721195,0.741
6.598625576208179,0.734
6.603827434944239,0.727
6.609,0.724
6.61420185873606,0.722
6.619403717472119,0.721
6.624605576208179,0.72
6.629807434944238,0.72
6.63502,0.718
6.6402218587360595,0.716
6.645423717472119,0.712
6.650625576208179,0.706
6.655827434944238,0.701
6.661,0.696
6.666201858736059,0.69
6.671403717472119,0.684
6.676605576208178,0.676
6.681807434944238,0.668
6.68702,0.65
6.69222185873606,0.64
6.69742371747212,0.627
6.702625576208179,0.611
6.707827434944239,0.606
6.713,0.596
6.71820185873606,0.583
6.723403717472119,0.566
6.728605576208179,0.546
6.7338074349442385,0.523
6.73902,0.502
6.74422185873606,0.475
6.749423717472119,0.449
6.754625576208179,0.401
6.759827434944238,0.336
6.765,0.203
6.770201858736059,0.155
6.775403717472119,0.119
6.7806055762081785,0.084
6.785807434944238,0.052
6.79102,0.042
6.796221858736059,0.037
6.801423717472119,0.03
6.806625576208178,0.029
6.811827434944238,0.03
6.817,0.033
6.82220185873606,0.038
6.827403717472119,0.042
6.832605576208179,0.051
6.837807434944239,0.063
6.84302,0.077
6.84822185873606,0.088
6.853423717472119,0.094
6.858625576208179,0.099
6.8638274349442385,0.103
6.869,0.109
6.874201858736059,0.119
6.879403717472119,0.135
6.884605576208179,0.159
6.889807434944238,0.18
6.89502,0.202
6.900221858736059,0.222
6.905423717472119,0.234
6.9106255762081785,0.246
6.915827434944238,0.251
6.921,0.261
6.92620185873606,0.277
6.9314037174721195,0.297
6.936605576208179,0.318
6.941807434944239,0.328
6.94702,0.338
6.95222185873606,0.357
6.957423717472119,0.373
6.962625576208179,0.384
6.967827434944239,0.385
6.973,0.389
6.9782018587360595,0.391
6.983403717472119,0.389
6.988605576208179,0.384
6.993807434944238,0.377
6.99902,0.368
7.004221858736059,0.357
7.009423717472119,0.346
7.014625576208179,0.333
7.019827434944238,0.305
7.025,0.29
7.03020185873606,0.267
7.03540371747212,0.247
7.040605576208179,0.227
7.045807434944239,0.21
7.05102,0.204
7.05622185873606,0.197
7.0614237174721195,0.194
7.066625576208179,0.183
7.071827434944239,0.182
7.077,0.184
7.08220185873606,0.194
7.087403717472119,0.201
7.092605576208179,0.215
7.097807434944238,0.237
7.10302,0.266
7.1082218587360595,0.281
7.113423717472119,0.294
7.118625576208179,0.295
7.123827434944238,0.295
7.129,0.291
7.134201858736059,0.279
7.139403717472119,0.26
7.144605576208178,0.241
7.149807434944238,0.221
7.15502,0.205
7.16022185873606,0.188
7.16542371747212,0.168
7.170625576208179,0.167
7.175827434944239,0.168
7.181,0.18
7.18620185873606,0.181
7.191403717472119,0.189
7.196605576208179,0.206
7.2018074349442385,0.208
7.20702,0.208
7.21222185873606,0.206
7.217423717472119,0.197
7.222625576208179,0.187
7.227827434944238,0.18
7.233,0.179
7.238201858736059,0.179
7.243403717472119,0.18
7.2486055762081785,0.208
7.253807434944238,0.24
7.25902,0.262
7.264221858736059,0.277
7.269423717472119,0.285
7.274625576208178,0.291
7.279827434944238,0.297
7.285,0.299
7.29020185873606,0.302
7.295403717472119,0.307
7.300605576208179,0.314
7.305807434944239,0.322
7.31102,0.33
7.31622185873606,0.334
7.321423717472119,0.338
7.326625576208179,0.346
7.3318274349442385,0.35
7.337,0.353
7.342201858736059,0.355
7.347403717472119,0.355
7.352605576208179,0.356
7.357807434944238,0.357
7.36302,0.358
7.368221858736059,0.36
7.373423717472119,0.362
7.3786255762081785,0.369
7.383827434944238,0.375
7.389,0.381
7.39420185873606,0.386
7.3994037174721194,0.393
7.404605576208179,0.398
7.409807434944239,0.403
7.41502,0.408
7.42022185873606,0.413
7.425423717472119,0.418
7.430625576208179,0.428
7.435827434944239,0.442
7.441,0.458
7.446201858736059,0.475
7.451403717472119,0.492
7.456605576208179,0.506
7.461807434944238,0.52
7.46702,0.528
7.472221858736059,0.531
7.477423717472119,0.538
7.482625576208179,0.545
7.487827434944238,0.553
7.493,0.563
7.49820185873606,0.564
7.5034037174721195,0.565
7.508605576208179,0.565
7.513807434944239,0.565
7.51902,0.565
7.52422185873606,0.565
7.5294237174721195,0.565
7.534625576208179,0.565
7.539827434944239,0.565
7.545,0.564
7.5502018587360595,0.561
7.555403717472119,0.558
7.560605576208179,0.555
7.565807434944238,0.555
7.57102,0.554
7.5762218587360595,0.553
7.581423717472119,0.553
7.586625576208179,0.552
7.591827434944238,0.55
7.597,0.548
7.60220185873606,0.544
7.60740371747212,0.544
7.612605576208179,0.543
7.617807434944239,0.543
7.62302,0.542
7.62822185873606,0.542
7.63342371747212,0.541
7.638625576208179,0.539
7.643827434944239,0.538
7.649,0.538
7.65420185873606,0.538
7.659403717472119,0.539
7.664605576208179,0.541
7.6698074349442384,0.543
7.67502,0.547
7.68022185873606,0.55
7.685423717472119,0.554
7.690625576208179,0.557
7.695827434944238,0.562
7.701,0.565
7.706201858736059,0.568
7.711403717472119,0.57
7.716605576208178,0.57
7.721807434944238,0.57
7.72702,0.57
7.73222185873606,0.57
7.73742371747212,0.569
7.742625576208179,0.569
7.747827434944239,0.567
7.754,0.566
7.759201858736059,0.562
7.764403717472119,0.561
7.769605576208178,0.561
7.774807434944238,0.561
7.78002,0.561
7.78522185873606,0.562
7.79042371747212,0.563
7.795625576208179,0.565
7.800827434944239,0.567
7.806,0.57
7.81120185873606,0.573
7.816403717472119,0.576
7.821605576208179,0.579
7.8268074349442385,0.581
7.83202,0.584
7.83722185873606,0.587
7.842423717472119,0.589
7.847625576208179,0.59
7.852827434944238,0.591
7.858,0.592
7.863201858736059,0.594
7.868403717472119,0.596
7.8736055762081785,0.598
7.878807434944238,0.599
7.88402,0.6
7.889221858736059,0.601
7.894423717472119,0.603
7.899625576208178,0.607
7.904827434944238,0.61
7.91,0.611
7.91520185873606,0.611
7.920403717472119,0.61
7.925605576208179,0.608
7.930807434944239,0.607
7.93602,0.604
7.94122185873606,0.601
7.946423717472119,0.598
7.951625576208179,0.596
7.9568274349442385,0.595
7.962,0.594
7.967201858736059,0.592
7.972403717472119,0.591
7.977605576208179,0.59
7.982807434944238,0.589
7.98802,0.589
7.993221858736059,0.589
7.998423717472119,0.589
8.003625576208178,0.59
8.008827434944237,0.591
8.014,0.592
8.019201858736059,0.593
8.024403717472119,0.594
8.029605576208178,0.595
8.034807434944238,0.596
8.04002,0.597
8.04522185873606,0.598
8.05042371747212,0.6
8.055625576208179,0.601
8.060827434944239,0.603
8.066,0.605
8.07120185873606,0.606
8.07640371747212,0.611
8.08160557620818,0.612
8.08680743494424,0.613
8.09202,0.614
8.09722185873606,0.616
8.102423717472119,0.618
8.107625576208179,0.621
8.112827434944238,0.624
8.118,0.626
8.12320185873606,0.629
8.12840371747212,0.632
8.13360557620818,0.635
8.138807434944239,0.639
8.14402,0.639
8.149221858736059,0.641
8.154423717472119,0.643
8.159625576208178,0.644
8.164827434944238,0.644
8.17,0.644
8.17520185873606,0.644
8.18040371747212,0.643
8.185605576208179,0.642
8.190807434944238,0.642
8.19602,0.641
8.20122185873606,0.641
8.20642371747212,0.64
8.21162557620818,0.64
8.21682743494424,0.638
8.222,0.637
8.22720185873606,0.635
8.232403717472119,0.635
8.237605576208178,0.633
8.242807434944238,0.633
8.24802,0.632
8.25322185873606,0.632
8.25842371747212,0.631
8.26362557620818,0.631
8.268827434944239,0.63
8.274,0.629
8.279201858736059,0.628
8.284403717472118,0.627
8.289605576208178,0.625
8.294807434944238,0.623
8.30002,0.621
8.30522185873606,0.619
8.31042371747212,0.618
8.315625576208179,0.617
8.320827434944238,0.616
8.326,0.615
8.33120185873606,0.614
8.33640371747212,0.612
8.34160557620818,0.61
8.346807434944239,0.607
8.35202,0.603
8.35722185873606,0.601
8.362423717472119,0.6
8.367625576208178,0.599
8.372827434944238,0.596
8.378,0.594
8.38320185873606,0.592
8.38840371747212,0.591
8.393605576208179,0.59
8.398807434944239,0.589
8.40402,0.587
8.409221858736059,0.587
8.414423717472118,0.586
8.419625576208178,0.583
8.424827434944238,0.582
8.43,0.582
8.43520185873606,0.581
8.440403717472119,0.58
8.445605576208179,0.578
8.450807434944238,0.577
8.45602,0.576
8.46122185873606,0.574
8.46642371747212,0.573
8.47162557620818,0.572
8.476827434944239,0.569
8.482,0.569
8.487201858736059,0.567
8.492403717472119,0.566
8.497605576208178,0.566
8.502807434944238,0.565
8.50802,0.567
8.51322185873606,0.568
8.51842371747212,0.569
8.523625576208179,0.57
8.528827434944239,0.571
8.534,0.572
8.53920185873606,0.574
8.54440371747212,0.576
8.54960557620818,0.578
8.55480743494424,0.58
8.56002,0.582
8.56522185873606,0.584
8.570423717472119,0.584
8.575625576208179,0.586
8.580827434944238,0.586
8.586,0.586
8.59120185873606,0.584
8.59640371747212,0.583
8.60160557620818,0.58
8.606807434944239,0.579
8.61202,0.576
8.617221858736059,0.573
8.622423717472119,0.57
8.627625576208178,0.567
8.632827434944238,0.564
8.638,0.559
8.64320185873606,0.555
8.64840371747212,0.55
8.653605576208179,0.544
8.658807434944238,0.539
8.66402,0.532
8.66922185873606,0.525
8.67442371747212,0.519
8.67962557620818,0.511
8.68482743494424,0.503
8.69,0.495
8.695201858736059,0.486
8.700403717472119,0.476
8.705605576208178,0.47
8.710807434944238,0.465
8.71602,0.457
8.72122185873606,0.454
8.72642371747212,0.448
8.73162557620818,0.447
8.736827434944239,0.443
8.742,0.442
8.74720185873606,0.442
8.75240371747212,0.442
8.75760557620818,0.443
8.76280743494424,0.444
8.76802,0.446
8.77322185873606,0.447
8.77842371747212,0.448
8.783625576208179,0.448
8.788827434944238,0.448
8.794,0.448
8.79920185873606,0.447
8.80440371747212,0.445
8.80960557620818,0.444
8.814807434944239,0.442
8.82002,0.44
8.82522185873606,0.437
8.830423717472119,0.434
8.835625576208178,0.43
8.840827434944238,0.425
8.846,0.422
8.85120185873606,0.42
8.85640371747212,0.417
8.861605576208179,0.413
8.866807434944239,0.412
8.87202,0.41
8.877221858736059,0.409
8.882423717472118,0.408
8.887625576208178,0.408
8.892827434944238,0.409
8.898,0.411
8.90320185873606,0.413
8.908403717472119,0.418
8.913605576208179,0.421
8.918807434944238,0.425
8.92402,0.427
8.92922185873606,0.431
8.93442371747212,0.436
8.93962557620818,0.443
8.944827434944239,0.45
8.95,0.458
8.955201858736059,0.467
8.960403717472119,0.475
8.965605576208178,0.484
8.970807434944238,0.493
8.97602,0.501
8.98122185873606,0.508
8.98642371747212,0.516
8.991625576208179,0.521
8.996827434944239,0.529
9.002,0.535
9.00720185873606,0.543
9.01240371747212,0.549
9.01760557620818,0.554
9.022807434944239,0.559
9.02802,0.564
9.03322185873606,0.568
9.038423717472119,0.57
9.043625576208179,0.574
9.048827434944238,0.581
9.054,0.584
9.05920185873606,0.587
9.06440371747212,0.59
9.069605576208179,0.592
9.074807434944239,0.595
9.08002,0.597
9.085221858736059,0.599
9.090423717472119,0.601
9.095625576208178,0.602
9.100827434944238,0.602
9.106,0.605
9.11120185873606,0.606
9.116403717472119,0.607
9.121605576208179,0.607
9.126807434944238,0.607
9.13202,0.607
9.13722185873606,0.606
9.14242371747212,0.605
9.14762557620818,0.604
9.15282743494424,0.603
9.158,0.603
9.163201858736059,0.602
9.168403717472119,0.601
9.173605576208178,0.6
9.178807434944238,0.599
9.18402,0.596
9.18922185873606,0.595
9.19442371747212,0.593
9.19962557620818,0.59
9.204827434944239,0.587
9.21,0.582
9.21520185873606,0.578
9.22040371747212,0.574
9.22560557620818,0.569
9.23080743494424,0.564
9.23602,0.559
9.24122185873606,0.554
9.246423717472119,0.549
9.251625576208179,0.543
9.256827434944238,0.538
9.262,0.532
9.26720185873606,0.527
9.27240371747212,0.521
9.27760557620818,0.517
9.282807434944239,0.51
9.28802,0.505
9.293221858736059,0.499
9.298423717472119,0.49
9.303625576208178,0.485
9.308827434944238,0.483
9.314,0.48
9.31920185873606,0.475
9.32440371747212,0.474
9.329605576208179,0.471
9.334807434944238,0.468
9.34002,0.467
9.34522185873606,0.461
9.35042371747212,0.46
9.35562557620818,0.46
9.36082743494424,0.46
9.366,0.46
9.37120185873606,0.461
9.376403717472119,0.462
9.381605576208178,0.465
9.386807434944238,0.467
9.39202,0.469
9.39722185873606,0.471
9.40242371747212,0.473
9.40762557620818,0.474
9.412827434944239,0.474
9.418,0.477
9.423201858736059,0.479
9.428403717472118,0.481
9.433605576208178,0.483
9.438807434944238,0.485
9.44402,0.488
9.44922185873606,0.49
9.45442371747212,0.492
9.459625576208179,0.495
9.464827434944239,0.497
9.47,0.5
9.47520185873606,0.502
9.48040371747212,0.503
9.48560557620818,0.505
9.490807434944239,0.507
9.49602,0.509
9.50122185873606,0.509
9.506423717472119,0.51
9.511625576208179,0.51
9.516827434944238,0.51
9.522,0.511
9.52720185873606,0.511
9.53240371747212,0.513
9.537605576208179,0.513
9.542807434944239,0.514
9.54802,0.514
9.553221858736059,0.516
9.558423717472118,0.517
9.563625576208178,0.518
9.568827434944238,0.52
9.574,0.52
9.57920185873606,0.52
9.584403717472119,0.521
9.589605576208179,0.521
9.594807434944238,0.522
9.60002,0.523
9.60522185873606,0.523
9.61042371747212,0.524
9.61562557620818,0.524
9.620827434944239,0.526
9.626,0.528
9.631201858736059,0.53
9.636403717472119,0.53
9.641605576208178,0.531
9.646807434944238,0.533
9.65202,0.535
9.65722185873606,0.538
9.66242371747212,0.538
9.667625576208179,0.54
9.672827434944239,0.541
9.678,0.542
9.68320185873606,0.544
9.68840371747212,0.545
9.69360557620818,0.546
9.69880743494424,0.547
9.70402,0.547
9.70922185873606,0.548
9.714423717472119,0.548
9.719625576208179,0.548
9.724827434944238,0.549
9.73,0.549
9.73520185873606,0.55
9.74040371747212,0.55
9.74560557620818,0.55
9.750807434944239,0.55
9.75602,0.55
9.761221858736059,0.551
9.766423717472119,0.552
9.771625576208178,0.554
9.776827434944238,0.554
9.782,0.554
9.78720185873606,0.555
9.79240371747212,0.555
9.797605576208179,0.555
9.802807434944238,0.555
9.80802,0.555
9.81322185873606,0.555
9.81842371747212,0.555
9.82362557620818,0.555
9.82882743494424,0.554
9.834,0.554
9.83920185873606,0.553
9.844403717472119,0.552
9.849605576208178,0.551
9.854807434944238,0.55
9.86002,0.549
9.86522185873606,0.549
9.87042371747212,0.548
9.87562557620818,0.546
9.880827434944239,0.544
9.886,0.544
9.891201858736059,0.542
9.896403717472118,0.538
9.901605576208178,0.535
9.906807434944238,0.533
9.91202,0.533
9.91722185873606,0.531
9.92242371747212,0.53
9.927625576208179,0.527
9.932827434944238,0.525
9.938,0.523
9.94320185873606,0.522
9.94840371747212,0.521
9.95360557620818,0.52
9.958807434944239,0.518
9.96402,0.517
9.96922185873606,0.515
9.974423717472119,0.515
9.979625576208178,0.514
9.984827434944238,0.513
9.99,0.513
9.99520185873606,0.511
10.00040371747212,0.511
10.005605576208179,0.511
10.010807434944239,0.511
10.01602,0.511
10.021221858736059,0.51
10.026423717472118,0.51
10.031625576208178,0.51
10.036827434944238,0.51
10.042,0.51
10.04720185873606,0.51
10.052403717472119,0.509
10.057605576208179,0.509
10.062807434944238,0.508
10.06802,0.508
10.07322185873606,0.508
10.07842371747212,0.507
10.08362557620818,0.507
10.088827434944239,0.507
10.094,0.507
10.099201858736059,0.507
10.104403717472119,0.507
10.109605576208178,0.507
10.114807434944238,0.507
10.12002,0.507
10.12522185873606,0.507
10.13042371747212,0.507
10.135625576208179,0.507
10.140827434944239,0.507
10.146,0.506
10.15120185873606,0.506
10.15640371747212,0.506
10.16160557620818,0.506
10.16680743494424,0.506
10.17202,0.506
10.17722185873606,0.507
10.182423717472119,0.507
10.187625576208179,0.507
10.192827434944238,0.508
10.198,0.508
10.20320185873606,0.507
10.20840371747212,0.507
10.21360557620818,0.508
10.218807434944239,0.508
10.22402,0.509
10.229221858736059,0.509
10.234423717472119,0.51
10.239625576208178,0.51
10.244827434944238,0.51
10.25,0.51
10.25520185873606,0.51
10.26040371747212,0.511
10.265605576208179,0.511
10.270807434944238,0.513
10.27602,0.514
10.28122185873606,0.515
10.28642371747212,0.516
10.29162557620818,0.518
10.29682743494424,0.519
10.303,0.52
10.30820185873606,0.521
10.31340371747212,0.522
10.31860557620818,0.523
10.32380743494424,0.524
10.32902,0.526
10.33422185873606,0.527
10.339423717472119,0.528
10.344625576208179,0.529
10.349827434944238,0.53
10.355,0.532
10.36020185873606,0.535
10.36540371747212,0.539
10.37060557620818,0.542
10.375807434944239,0.544
10.38102,0.547
10.386221858736059,0.55
10.391423717472119,0.551
10.396625576208178,0.554
10.401827434944238,0.557
10.407,0.562
10.41220185873606,0.564
10.41740371747212,0.567
10.422605576208179,0.569
10.427807434944238,0.571
10.43302,0.572
10.43822185873606,0.574
10.44342371747212,0.576
10.44862557620818,0.58
10.45382743494424,0.583
10.459,0.584
10.46420185873606,0.587
10.469403717472119,0.588
10.474605576208178,0.588
10.479807434944238,0.589
10.48502,0.59
10.49022185873606,0.591
10.49542371747212,0.592
10.50062557620818,0.592
10.505827434944239,0.592
10.511,0.592
10.516201858736059,0.591
10.521403717472118,0.592
10.526605576208178,0.592
10.531807434944238,0.592
10.53702,0.592
10.54222185873606,0.592
10.54742371747212,0.592
10.552625576208179,0.593
10.557827434944238,0.593
10.563,0.593
10.56820185873606,0.593
10.57340371747212,0.594
10.57860557620818,0.594
10.583807434944239,0.594
10.58902,0.595
10.59422185873606,0.597
10.599423717472119,0.597
10.604625576208178,0.598
10.609827434944238,0.598
10.615,0.599
10.62020185873606,0.6
10.62540371747212,0.602
10.630605576208179,0.603
10.635807434944239,0.603
10.64102,0.604
10.646221858736059,0.605
10.651423717472118,0.606
10.656625576208178,0.61
10.661827434944238,0.612
10.667,0.615
10.67220185873606,0.617
10.677403717472119,0.617
10.682605576208179,0.617
10.687807434944238,0.618
10.69302,0.62
10.69822185873606,0.622
10.70342371747212,0.624
10.70862557620818,0.626
10.713827434944239,0.628
10.719,0.629
10.724201858736059,0.63
10.729403717472119,0.631
10.734605576208178,0.632
10.739807434944238,0.633
10.74502,0.635
10.75022185873606,0.636
10.75542371747212,0.636
10.760625576208179,0.637
10.765827434944239,0.637
10.771,0.637
10.77620185873606,0.637
10.78140371747212,0.637
10.78660557620818,0.637
10.79180743494424,0.637
10.79702,0.637
10.80222185873606,0.637
10.807423717472119,0.637
10.812625576208179,0.637
10.817827434944238,0.637
10.823,0.637
10.82820185873606,0.637
10.83340371747212,0.637
10.83860557620818,0.637
10.843807434944239,0.637
10.84902,0.637
10.854221858736059,0.637
10.859423717472119,0.637
10.864625576208178,0.637
10.869827434944238,0.637
10.875,0.638
10.88020185873606,0.638
10.88540371747212,0.638
10.890605576208179,0.638
10.895807434944238,0.638
10.90102,0.638
10.90622185873606,0.639
10.91142371747212,0.639
10.91662557620818,0.639
10.92182743494424,0.64
10.927,0.641
10.93220185873606,0.641
10.937403717472119,0.641
10.942605576208178,0.641
10.947807434944238,0.641
10.95302,0.641
10.95822185873606,0.641
10.96342371747212,0.641
10.96862557620818,0.64
10.973827434944239,0.64
10.979,0.639
10.984201858736059,0.638
10.989403717472118,0.637
10.994605576208178,0.636
10.999807434944238,0.632
11.00502,0.632
11.01022185873606,0.63
11.01542371747212,0.629
11.020625576208179,0.626
11.025827434944238,0.624
11.031,0.621
11.03620185873606,0.621
11.04140371747212,0.62
11.04660557620818,0.618
11.051807434944239,0.615
11.05702,0.614
11.06222185873606,0.612
11.067423717472119,0.61
11.072625576208178,0.605
11.077827434944238,0.604
11.083,0.603
11.08820185873606,0.602
11.09340371747212,0.601
11.098605576208179,0.6
11.103807434944239,0.598
11.10902,0.595
11.114221858736059,0.594
11.119423717472118,0.592
11.124625576208178,0.591
11.129827434944238,0.59
11.135,0.589
11.14020185873606,0.588
11.145403717472119,0.586
11.150605576208179,0.583
11.155807434944238,0.581
11.16102,0.58
11.16622185873606,0.579
11.17142371747212,0.576
11.17662557620818,0.575
11.181827434944239,0.574
11.187,0.573
11.192201858736059,0.572
11.197403717472119,0.572
11.202605576208178,0.572
11.207807434944238,0.572
11.21302,0.572
11.21822185873606,0.573
11.22342371747212,0.573
11.228625576208179,0.574
11.233827434944239,0.575
11.239,0.576
11.24420185873606,0.578
11.24940371747212,0.579
11.25460557620818,0.581
11.25980743494424,0.583
11.26502,0.586
11.27022185873606,0.589
11.275423717472119,0.591
11.280625576208179,0.594
11.285827434944238,0.596
11.291,0.599
11.29620185873606,0.601
11.30140371747212,0.604
11.30660557620818,0.608
11.311807434944239,0.612
11.31702,0.615
11.322221858736059,0.618
11.327423717472119,0.621
11.332625576208178,0.625
11.337827434944238,0.628
11.343,0.63
11.34820185873606,0.633
11.35340371747212,0.636
11.358605576208179,0.638
11.363807434944238,0.641
11.36902,0.642
11.37422185873606,0.643
11.37942371747212,0.645
11.38462557620818,0.646
11.38982743494424,0.647
11.395,0.648
11.40020185873606,0.649
11.405403717472119,0.65
11.410605576208178,0.65
11.415807434944238,0.65
11.42102,0.649
11.42622185873606,0.648
11.43142371747212,0.648
11.43662557620818,0.648
11.441827434944239,0.647
11.447,0.647
11.452201858736059,0.646
11.457403717472118,0.646
11.462605576208178,0.646
11.467807434944238,0.645
11.47302,0.644
11.47822185873606,0.644
11.48342371747212,0.642
11.488625576208179,0.641
11.493827434944238,0.639
11.499,0.638
11.50420185873606,0.636
11.50940371747212,0.632
11.51460557620818,0.629
11.519807434944239,0.627
11.52502,0.625
11.53022185873606,0.624
11.535423717472119,0.623
11.540625576208178,0.622
11.545827434944238,0.621
11.551,0.619
11.55620185873606,0.618
11.56140371747212,0.617
11.566605576208179,0.617
11.571807434944239,0.616
11.57702,0.616
11.582221858736059,0.616
11.587423717472118,0.616
11.592625576208178,0.616
11.597827434944238,0.616
11.603,0.617
11.60820185873606,0.617
11.613403717472119,0.618
11.618605576208179,0.619
11.623807434944238,0.621
11.62902,0.623
11.63422185873606,0.625
11.63942371747212,0.628
11.64462557620818,0.631
11.649827434944239,0.635
11.655,0.637
11.660201858736059,0.639
11.665403717472119,0.641
11.670605576208178,0.644
11.675807434944238,0.646
11.68102,0.649
11.68622185873606,0.651
11.69142371747212,0.654
11.696625576208179,0.656
11.701827434944239,0.66
11.707,0.663
11.71220185873606,0.665
11.71740371747212,0.666
11.72260557620818,0.667
11.72780743494424,0.671
11.73302,0.674
11.73822185873606,0.676
11.743423717472119,0.679
11.748625576208179,0.681
11.753827434944238,0.684
11.759,0.685
11.76420185873606,0.686
11.76940371747212,0.688
11.77460557620818,0.689
11.779807434944239,0.689
11.78502,0.691
11.790221858736059,0.692
11.795423717472119,0.694
11.800625576208178,0.694
11.805827434944238,0.695
11.811,0.695
11.81620185873606,0.697
11.82140371747212,0.698
11.826605576208179,0.699
11.831807434944238,0.699
11.83702,0.7
11.84222185873606,0.701
11.84742371747212,0.701
11.85262557620818,0.702
11.85782743494424,0.702
11.863,0.702
11.86820185873606,0.702
11.873403717472119,0.702
11.878605576208178,0.702
11.883807434944238,0.702
11.88902,0.702
11.89422185873606,0.702
11.89942371747212,0.701
11.90462557620818,0.701
11.909827434944239,0.7
11.915,0.7
11.920201858736059,0.699
11.925403717472118,0.699
11.930605576208178,0.698
11.935807434944238,0.698
11.94102,0.698
11.94622185873606,0.698
11.95142371747212,0.698
11.956625576208179,0.697
11.961827434944238,0.697
11.967,0.696
11.97220185873606,0.696
11.97740371747212,0.695
11.98260557620818,0.695
11.987807434944239,0.694
11.99302,0.694
11.99822185873606,0.694
12.003423717472119,0.694
12.008625576208178,0.694
12.013827434944238,0.694
12.019,0.693
12.02420185873606,0.693
12.02940371747212,0.693
12.034605576208179,0.693
12.039807434944239,0.692
12.04502,0.692
12.050221858736059,0.692
12.055423717472118,0.692
12.060625576208178,0.693
12.065827434944238,0.693
12.071,0.693
12.07620185873606,0.693
12.081403717472119,0.694
12.086605576208179,0.694
12.091807434944238,0.694
12.09702,0.694
12.10222185873606,0.694
12.10742371747212,0.694
12.11262557620818,0.694
12.117827434944239,0.694
12.123,0.694
12.128201858736059,0.695
12.133403717472119,0.695
12.138605576208178,0.696
12.143807434944238,0.696
12.14902,0.697
12.15422185873606,0.697
12.15942371747212,0.698
12.164625576208179,0.699
12.169827434944239,0.7
12.175,0.701
12.18020185873606,0.701
12.18540371747212,0.702
12.19060557620818,0.703
12.19580743494424,0.704
12.20102,0.705
12.20622185873606,0.705
12.211423717472119,0.706
12.216625576208179,0.71
12.221827434944238,0.711
12.227,0.713
12.23220185873606,0.714
12.23740371747212,0.715
12.24260557620818,0.716
12.247807434944239,0.716
12.25302,0.717
12.258221858736059,0.718
12.263423717472119,0.719
12.268625576208178,0.72
12.273827434944238,0.722
12.279,0.723
12.28420185873606,0.725
12.28940371747212,0.727
12.294605576208179,0.728
12.299807434944238,0.729
12.30502,0.732
12.31022185873606,0.732
12.31542371747212,0.733
12.32062557620818,0.733
12.32582743494424,0.733
12.331,0.734
12.33620185873606,0.734
12.341403717472119,0.735
12.346605576208178,0.736
12.351807434944238,0.738
12.35702,0.739
12.36222185873606,0.739
12.36742371747212,0.74
12.37262557620818,0.742
12.377827434944239,0.742
12.383,0.743
12.388201858736059,0.743
12.393403717472118,0.744
12.398605576208178,0.745
12.403807434944238,0.745
12.40902,0.745
12.41422185873606,0.746
12.41942371747212,0.746
12.424625576208179,0.747
12.429827434944238,0.748
12.435,0.748
12.44020185873606,0.749
12.44540371747212,0.749
12.45060557620818,0.75
12.455807434944239,0.75
12.46102,0.751
12.46622185873606,0.751
12.471423717472119,0.751
12.476625576208178,0.752
12.481827434944238,0.752
12.487,0.752
12.49220185873606,0.751
12.49740371747212,0.751
12.502605576208179,0.751
12.507807434944239,0.75
12.51302,0.749
12.518221858736059,0.748
12.523423717472118,0.747
12.528625576208178,0.746
12.533827434944238,0.746
12.539,0.745
12.54420185873606,0.744
12.549403717472119,0.744
12.554605576208179,0.743
12.559807434944238,0.743
12.56502,0.743
12.57022185873606,0.742
12.57542371747212,0.742
12.58062557620818,0.742
12.585827434944239,0.741
12.591,0.74
12.596201858736059,0.739
12.601403717472119,0.738
12.606605576208178,0.737
12.611807434944238,0.736
12.61702,0.735
12.62222185873606,0.734
12.62742371747212,0.733
12.632625576208179,0.732
12.637827434944239,0.73
12.643,0.729
12.64820185873606,0.728
12.65340371747212,0.727
12.65860557620818,0.726
12.663807434944239,0.725
12.66902,0.724
12.67422185873606,0.723
12.679423717472119,0.722
12.684625576208179,0.72
12.689827434944238,0.719
12.695,0.718
12.70020185873606,0.715
12.70540371747212,0.715
12.710605576208179,0.713
12.715807434944239,0.711
12.72102,0.709
12.726221858736059,0.706
12.731423717472119,0.703
12.736625576208178,0.701
12.741827434944238,0.699
12.747,0.696
12.75220185873606,0.695
12.757403717472119,0.694
12.762605576208179,0.693
12.767807434944238,0.692
12.77302,0.692
12.77822185873606,0.691
12.78342371747212,0.689
12.78862557620818,0.687
12.79382743494424,0.685
12.8,0.681
12.80520185873606,0.677
12.81040371747212,0.677
12.81560557620818,0.676
12.82080743494424,0.675
12.82602,0.673
12.83122185873606,0.671
12.836423717472119,0.669
12.841625576208179,0.668
12.846827434944238,0.667
12.852,0.665
12.85720185873606,0.664
12.86240371747212,0.663
12.86760557620818,0.662
12.872807434944239,0.662
12.87802,0.661
12.883221858736059,0.661
12.888423717472119,0.66
12.893625576208178,0.659
12.898827434944238,0.657
12.904,0.657
12.90920185873606,0.656
12.91440371747212,0.655
12.919605576208179,0.654
12.924807434944238,0.653
12.93002,0.653
12.93522185873606,0.652
12.94042371747212,0.652
12.94562557620818,0.652
12.95082743494424,0.652
12.956,0.652
12.96120185873606,0.651
12.966403717472119,0.651
12.971605576208178,0.651
12.976807434944238,0.651
12.98202,0.651
12.98722185873606,0.651
12.99242371747212,0.651
12.99762557620818,0.651
13.002827434944239,0.651
13.008,0.651
13.013201858736059,0.652
13.018403717472118,0.652
13.023605576208178,0.652
13.028807434944238,0.653
13.03402,0.653
13.03922185873606,0.654
13.04442371747212,0.655
13.049625576208179,0.655
13.054827434944238,0.656
13.06,0.657
13.06520185873606,0.659
13.07040371747212,0.66
13.07560557620818,0.66
13.080807434944239,0.661
13.08602,0.662
13.09122185873606,0.662
13.096423717472119,0.664
13.101625576208178,0.664
13.106827434944238,0.664
13.112,0.664
13.11720185873606,0.664
13.12240371747212,0.664
13.127605576208179,0.664
13.132807434944239,0.664
13.13802,0.665
13.143221858736059,0.665
13.148423717472118,0.666
13.153625576208178,0.666
13.158827434944238,0.666
13.164,0.667
13.16920185873606,0.667
13.174403717472119,0.667
13.179605576208179,0.667
13.184807434944238,0.667
13.19002,0.667
13.19522185873606,0.667
13.20042371747212,0.667
13.20562557620818,0.667
13.210827434944239,0.666
13.216,0.666
13.221201858736059,0.665
13.226403717472119,0.665
13.231605576208178,0.664
13.236807434944238,0.664
13.24202,0.664
13.24722185873606,0.663
13.25242371747212,0.663
13.257625576208179,0.662
13.262827434944239,0.662
13.268,0.661
13.27320185873606,0.66
13.27840371747212,0.66
13.28360557620818,0.659
13.288807434944239,0.657
13.29402,0.655
13.29922185873606,0.654
13.304423717472119,0.653
13.309625576208179,0.653
13.314827434944238,0.652
13.32,0.651
13.32520185873606,0.649
13.33040371747212,0.648
13.335605576208179,0.646
13.340807434944239,0.645
13.34602,0.643
13.351221858736059,0.642
13.356423717472119,0.641
13.361625576208178,0.641
13.366827434944238,0.639
13.372,0.637
13.37720185873606,0.635
13.382403717472119,0.633
13.387605576208179,0.632
13.392807434944238,0.629
13.39802,0.626
13.40322185873606,0.624
13.40842371747212,0.621
13.41362557620818,0.619
13.41882743494424,0.617
13.424,0.615
13.429201858736059,0.613
13.434403717472119,0.611
13.439605576208178,0.605
13.444807434944238,0.604
13.45002,0.603
13.45522185873606,0.602
13.46042371747212,0.6
13.46562557620818,0.598
13.470827434944239,0.596
13.476,0.594
13.48120185873606,0.593
13.48640371747212,0.591
13.49160557620818,0.59
13.49680743494424,0.588
13.50202,0.586
13.50722185873606,0.582
13.51242371747212,0.58
13.517625576208179,0.579
13.522827434944238,0.578
13.528,0.577
13.53320185873606,0.575
13.53840371747212,0.573
13.54360557620818,0.571
13.548807434944239,0.571
13.55402,0.569
13.55922185873606,0.568
13.564423717472119,0.567
13.569625576208178,0.566
13.574827434944238,0.564
13.58,0.563
13.58520185873606,0.561
13.59040371747212,0.558
13.595605576208179,0.555
13.600807434944238,0.554
13.60602,0.552
13.611221858736059,0.551
13.616423717472118,0.55
13.621625576208178,0.548
13.626827434944238,0.545
13.632,0.542
13.63720185873606,0.54
13.642403717472119,0.537
13.647605576208178,0.533
13.652807434944238,0.53
13.65802,0.526
13.66322185873606,0.523
13.66842371747212,0.519
13.67362557620818,0.515
13.678827434944239,0.509
13.684,0.503
13.689201858736059,0.499
13.694403717472118,0.496
13.699605576208178,0.486
13.704807434944238,0.48
13.71002,0.474
13.71522185873606,0.467
13.72042371747212,0.46
13.725625576208179,0.454
13.730827434944239,0.448
13.736,0.441
13.74120185873606,0.433
13.74640371747212,0.426
13.75160557620818,0.418
13.756807434944239,0.41
13.76202,0.403
13.76722185873606,0.395
13.772423717472119,0.388
13.777625576208179,0.381
13.782827434944238,0.373
13.788,0.366
13.79320185873606,0.356
13.79840371747212,0.346
13.803605576208179,0.337
13.808807434944239,0.327
13.81402,0.323
13.819221858736059,0.315
13.824423717472119,0.314
13.829625576208178,0.314
13.834827434944238,0.314
13.84,0.315
13.84520185873606,0.316
13.850403717472119,0.318
13.855605576208179,0.319
13.860807434944238,0.321
13.86602,0.323
13.87122185873606,0.326
13.87642371747212,0.33
13.88162557620818,0.333
13.886827434944239,0.335
13.892,0.34
13.897201858736059,0.347
13.902403717472119,0.354
13.907605576208178,0.361
13.912807434944238,0.37
13.91802,0.378
13.92322185873606,0.387
13.92842371747212,0.397
13.933625576208179,0.406
13.938827434944239,0.416
13.944,0.425
13.94920185873606,0.435
13.95440371747212,0.444
13.95960557620818,0.452
13.96480743494424,0.459
13.97002,0.467
13.97522185873606,0.472
13.980423717472119,0.478
13.985625576208179,0.483
13.990827434944238,0.489
13.996,0.494
14.00120185873606,0.5
14.00640371747212,0.505
14.01160557620818,0.51
14.016807434944239,0.517
14.02202,0.523
14.027221858736059,0.529
14.032423717472119,0.533
14.037625576208178,0.54
14.042827434944238,0.544
14.048,0.549
14.05320185873606,0.552
14.05840371747212,0.556
14.063605576208179,0.559
14.068807434944238,0.563
14.07402,0.565
14.07922185873606,0.567
14.08442371747212,0.57
14.08962557620818,0.573
14.09482743494424,0.577
14.1,0.581
14.10520185873606,0.584
14.110403717472119,0.588
14.115605576208178,0.59
14.120807434944238,0.591
14.12602,0.593
14.13122185873606,0.595
14.13642371747212,0.599
14.14162557620818,0.6
14.146827434944239,0.601
14.152,0.602
14.157201858736059,0.602
14.162403717472118,0.603
14.167605576208178,0.603
14.172807434944238,0.605
14.17802,0.606
14.18322185873606,0.607
14.18842371747212,0.608
14.193625576208179,0.608
14.198827434944238,0.61
14.204,0.61
14.20920185873606,0.61
14.21440371747212,0.61
14.21960557620818,0.61
14.224807434944239,0.608
14.23002,0.608
14.23522185873606,0.608
14.240423717472119,0.607
14.245625576208178,0.607
14.250827434944238,0.606
14.256,0.606
14.26120185873606,0.606
14.26640371747212,0.604
14.271605576208179,0.604
14.276807434944239,0.604
14.28202,0.604
14.287221858736059,0.604
14.292423717472118,0.602
14.297625576208178,0.602
14.302827434944238,0.601
14.308,0.601
14.31320185873606,0.6
14.318403717472119,0.6
14.323605576208179,0.599
14.328807434944238,0.598
14.33402,0.597
14.33922185873606,0.596
14.34442371747212,0.595
14.34962557620818,0.594
14.354827434944239,0.593
14.36,0.592
14.365201858736059,0.591
14.370403717472119,0.59
14.375605576208178,0.589
14.380807434944238,0.588
14.38602,0.586
14.39122185873606,0.582
14.39642371747212,0.581
14.401625576208179,0.579
14.406827434944239,0.578
14.412,0.577
14.41720185873606,0.574
14.42240371747212,0.571
14.42760557620818,0.569
14.43280743494424,0.568
14.43802,0.567
14.44322185873606,0.565
14.448423717472119,0.564
14.453625576208179,0.563
14.458827434944238,0.562
14.464,0.561
14.46920185873606,0.559
14.47440371747212,0.558
14.47960557620818,0.555
14.484807434944239,0.553
14.49002,0.552
14.495221858736059,0.552
14.500423717472119,0.551
14.505625576208178,0.55
14.510827434944238,0.548
14.516,0.547
14.52120185873606,0.546
14.52640371747212,0.545
14.531605576208179,0.544
14.536807434944238,0.544
14.54202,0.543
14.54722185873606,0.543
14.55242371747212,0.543
14.55762557620818,0.543
14.56282743494424,0.543
14.568,0.543
14.57320185873606,0.542
14.578403717472119,0.542
14.583605576208178,0.542
14.588807434944238,0.542
14.59402,0.542
14.59922185873606,0.542
14.60442371747212,0.542
14.60962557620818,0.542
14.614827434944239,0.542
14.62,0.542
14.625201858736059,0.542
14.630403717472118,0.542
14.635605576208178,0.542
14.640807434944238,0.542
14.64602,0.542
14.65122185873606,0.542
14.65642371747212,0.542
14.661625576208179,0.542
14.666827434944238,0.542
14.672,0.542
14.67720185873606,0.542
14.68240371747212,0.542
14.68760557620818,0.542
14.692807434944239,0.542
14.69802,0.543
14.70322185873606,0.543
14.708423717472119,0.543
14.713625576208178,0.543
14.718827434944238,0.543
14.724,0.543
14.72920185873606,0.543
14.73440371747212,0.543
14.739605576208179,0.544
14.744807434944239,0.544
14.75002,0.544
14.755221858736059,0.544
14.760423717472118,0.544
14.765625576208178,0.543
14.770827434944238,0.544
14.776,0.544
14.78120185873606,0.544
14.786403717472119,0.543
14.791605576208179,0.543
14.796807434944238,0.544
14.80202,0.544
14.80722185873606,0.544
14.81242371747212,0.544
14.81762557620818,0.544
14.822827434944239,0.544
14.828,0.544
14.833201858736059,0.544
14.838403717472119,0.544
14.843605576208178,0.544
14.848807434944238,0.544
14.85402,0.545
14.85922185873606,0.545
14.86442371747212,0.545
14.869625576208179,0.545
14.874827434944239,0.545
14.88,0.545
14.88520185873606,0.545
14.89040371747212,0.545
14.89560557620818,0.545
14.90080743494424,0.545
14.90602,0.545
14.91122185873606,0.544
14.916423717472119,0.544
14.921625576208179,0.543
14.926827434944238,0.543
14.932,0.542
14.93720185873606,0.541
14.94240371747212,0.539
14.94760557620818,0.538
14.952807434944239,0.537
14.95802,0.537
14.963221858736059,0.537
14.968423717472119,0.537
14.973625576208178,0.537
14.978827434944238,0.535
14.984,0.535
14.98920185873606,
14.99440371747212,
14.999605576208179,
15.004807434944238,
